<?xml version="1.0" encoding="UTF-8"?>
<launch4jConfig>
  <dontWrapJar>false</dontWrapJar>
  <headerType>gui</headerType>
  <jar>/home/schmuui/workspace/hecctris/NullpoMino.jar</jar>
  <outfile>/home/schmuui/workspace/hecctris/HPTNino1.0.1.exe</outfile>
  <errTitle></errTitle>
  <cmdLine></cmdLine>
  <chdir>.</chdir>
  <priority>normal</priority>
  <downloadUrl>http://java.com/download</downloadUrl>
  <supportUrl></supportUrl>
  <stayAlive>true</stayAlive>
  <restartOnCrash>true</restartOnCrash>
  <manifest></manifest>
  <icon></icon>
  <singleInstance>
    <mutexName>HPTNino</mutexName>
    <windowTitle></windowTitle>
  </singleInstance>
  <classPath>
    <mainClass>mu.nu.nullpo.gui.slick.NullpoMinoSlick</mainClass>
    <cp>.</cp>
  </classPath>
  <jre>
    <path></path>
    <bundledJre64Bit>false</bundledJre64Bit>
    <bundledJreAsFallback>false</bundledJreAsFallback>
    <minVersion>1.5</minVersion>
    <maxVersion>1.8</maxVersion>
    <jdkPreference>preferJre</jdkPreference>
    <runtimeBits>64/32</runtimeBits>
  </jre>
  <splash>
    <file>/home/schmuui/workspace/hecctris/splash.bmp</file>
    <waitForWindow>true</waitForWindow>
    <timeout>60</timeout>
    <timeoutErr>true</timeoutErr>
  </splash>
  <messages>
    <startupErr>Uh oh, something happened.</startupErr>
    <bundledJreErr>This application was configured to use a bundled Java Runtime Environment but the runtime is missing or corrupted.</bundledJreErr>
    <jreVersionErr>You need a JRE to play HPT!</jreVersionErr>
    <launcherErr>The registry refers to a nonexistent Java Runtime Environment installation or the runtime is corrupted.</launcherErr>
    <instanceAlreadyExistsMsg>Hey! You can&apos;t do that!</instanceAlreadyExistsMsg>
  </messages>
</launch4jConfig>