<launch4jConfig>
  <dontWrapJar>true</dontWrapJar>
  <headerType>gui</headerType>
  <jar></jar>
  <outfile>..\..\NullpoMino.exe</outfile>
  <errTitle></errTitle>
  <cmdLine></cmdLine>
  <chdir>.</chdir>
  <priority>normal</priority>
  <downloadUrl>http://java.com/download</downloadUrl>
  <supportUrl></supportUrl>
  <customProcName>false</customProcName>
  <stayAlive>false</stayAlive>
  <manifest></manifest>
  <icon>..\..\res\icons\nullpomino-gif-blue.ico</icon>
  <classPath>
    <mainClass>mu.nu.nullpo.gui.slick.NullpoMinoSlick</mainClass>
    <cp>bin</cp>
    <cp>NullpoMino.jar</cp>
    <cp>lib\log4j-1.2.15.jar</cp>
    <cp>lib\slick.jar</cp>
    <cp>lib\lwjgl.jar</cp>
    <cp>lib\jorbis-0.0.15.jar</cp>
    <cp>lib\jogg-0.0.7.jar</cp>
    <cp>lib\ibxm.jar</cp>
    <cp>lib\jinput.jar</cp>
  </classPath>
  <jre>
    <path></path>
    <minVersion>1.5.0</minVersion>
    <maxVersion></maxVersion>
    <jdkPreference>preferJre</jdkPreference>
    <opt>-Djava.library.path=lib</opt>
  </jre>
  <versionInfo>
    <fileVersion>7.5.0.0</fileVersion>
    <txtFileVersion>7.5.0</txtFileVersion>
    <fileDescription>NullpoMino</fileDescription>
    <copyright>NullNoname</copyright>
    <productVersion>7.5.0.0</productVersion>
    <txtProductVersion>7.5.0</txtProductVersion>
    <productName>NullpoMino</productName>
    <companyName>NullNoname</companyName>
    <internalName>NullpoMino</internalName>
    <originalFilename>NullpoMino.exe</originalFilename>
  </versionInfo>
</launch4jConfig>